{"cameraMode":{"drawMode":0,"name":"Shaded","section":"Shading Mode"},"sceneLighting":false,"audioPlay":false,"sceneViewState":{"showFog":true,"showMaterialUpdate":true,"showSkybox":true,"showFlares":true,"showImageEffects":true,"showParticleSystems":true},"in2DMode":false,"pivot":{"x":0.20677316188812257,"y":1.0649257898330689,"z":0.28550806641578677},"rotation":{"x":-0.020837830379605295,"y":0.7189779877662659,"z":-0.021575799211859704,"w":-0.6943859457969666},"size":1.2840039730072022,"orthographic":false}