{"cameraMode":{"drawMode":0,"name":"Shaded","section":"Shading Mode"},"sceneLighting":false,"audioPlay":false,"sceneViewState":{"showFog":true,"showMaterialUpdate":true,"showSkybox":true,"showFlares":true,"showImageEffects":true,"showParticleSystems":true},"in2DMode":false,"pivot":{"x":0.4968763589859009,"y":-5.151342391967773,"z":31.192520141601564},"rotation":{"x":-0.2024957686662674,"y":0.029663458466529847,"z":-0.006136943586170673,"w":-0.9788185358047485},"size":25.855682373046876,"orthographic":false}