{"cameraMode":{"drawMode":0,"name":"Shaded","section":"Shading Mode"},"sceneLighting":false,"audioPlay":false,"sceneViewState":{"showFog":true,"showMaterialUpdate":true,"showSkybox":true,"showFlares":true,"showImageEffects":true,"showParticleSystems":true},"in2DMode":false,"pivot":{"x":5.441228866577148,"y":-5.408670902252197,"z":-1.3741122484207154},"rotation":{"x":0.2472723126411438,"y":0.7233574986457825,"z":-0.31940704584121706,"w":0.5600154399871826},"size":12.21561050415039,"orthographic":false}