{"cameraMode":{"drawMode":0,"name":"Shaded","section":"Shading Mode"},"sceneLighting":false,"audioPlay":false,"sceneViewState":{"showFog":true,"showMaterialUpdate":true,"showSkybox":true,"showFlares":true,"showImageEffects":true,"showParticleSystems":true},"in2DMode":false,"pivot":{"x":-0.9807960987091065,"y":-4.774100303649902,"z":22.244531631469728},"rotation":{"x":-0.20513330399990083,"y":0.06043870002031326,"z":-0.012692742049694062,"w":-0.9767888188362122},"size":28.35773277282715,"orthographic":false}