{"cameraMode":{"drawMode":0,"name":"Shaded","section":"Shading Mode"},"sceneLighting":false,"audioPlay":false,"sceneViewState":{"showFog":true,"showMaterialUpdate":true,"showSkybox":true,"showFlares":true,"showImageEffects":true,"showParticleSystems":true},"in2DMode":false,"pivot":{"x":-0.8268705606460571,"y":-1.1386816501617432,"z":-1.4708333015441895},"rotation":{"x":-0.08989004790782929,"y":0.910112202167511,"z":-0.2860244810581207,"w":-0.2860241234302521},"size":5.483926296234131,"orthographic":false}