{"cameraMode":{"drawMode":0,"name":"Shaded","section":"Shading Mode"},"sceneLighting":false,"audioPlay":false,"sceneViewState":{"showFog":true,"showMaterialUpdate":true,"showSkybox":false,"showFlares":true,"showImageEffects":true,"showParticleSystems":true},"in2DMode":false,"pivot":{"x":-3.725290298461914e-8,"y":0.18027231097221375,"z":0.32270365953445437},"rotation":{"x":0.06144021824002266,"y":0.862896203994751,"z":-0.4898437261581421,"w":0.10825914144515991},"size":1.8707882165908814,"orthographic":false}