{"cameraMode":{"drawMode":0,"name":"Shaded","section":"Shading Mode"},"sceneLighting":false,"audioPlay":false,"sceneViewState":{"showFog":true,"showMaterialUpdate":true,"showSkybox":true,"showFlares":true,"showImageEffects":true,"showParticleSystems":true},"in2DMode":false,"pivot":{"x":1.324220895767212,"y":1.0843524932861329,"z":-0.455217570066452},"rotation":{"x":0.192294642329216,"y":0.003234980860725045,"z":-0.0006334250210784376,"w":0.9813393354415894},"size":0.3783852458000183,"orthographic":false}