{"cameraMode":{"drawMode":0,"name":"Shaded","section":"Shading Mode"},"sceneLighting":false,"audioPlay":false,"sceneViewState":{"showFog":true,"showMaterialUpdate":true,"showSkybox":true,"showFlares":true,"showImageEffects":true,"showParticleSystems":true},"in2DMode":false,"pivot":{"x":0.12985414266586305,"y":0.1374983787536621,"z":0.38287782669067385},"rotation":{"x":0.006410837639123201,"y":0.9865777492523193,"z":-0.1582012176513672,"w":0.03997825086116791},"size":5.184004306793213,"orthographic":false}