{"cameraMode":{"drawMode":0,"name":"Shaded","section":"Shading Mode"},"sceneLighting":false,"audioPlay":false,"sceneViewState":{"showFog":true,"showMaterialUpdate":true,"showSkybox":true,"showFlares":true,"showImageEffects":true,"showParticleSystems":true},"in2DMode":false,"pivot":{"x":1.2056015729904175,"y":0.9726613163948059,"z":-0.6114444732666016},"rotation":{"x":0.1288243532180786,"y":-0.7369601726531982,"z":0.14670556783676148,"w":0.6471374034881592},"size":1.0260648727416993,"orthographic":false}