{"cameraMode":{"drawMode":0,"name":"Shaded","section":"Shading Mode"},"sceneLighting":false,"audioPlay":false,"sceneViewState":{"showFog":true,"showMaterialUpdate":true,"showSkybox":true,"showFlares":true,"showImageEffects":true,"showParticleSystems":true},"in2DMode":false,"pivot":{"x":-1.6440651416778565,"y":-21.192562103271486,"z":16.005474090576173},"rotation":{"x":-0.4876095950603485,"y":0.04213392734527588,"z":-0.023568211123347284,"w":-0.8717294335365295},"size":39.13142013549805,"orthographic":false}