{"cameraMode":{"drawMode":0,"name":"Shaded","section":"Shading Mode"},"sceneLighting":false,"audioPlay":false,"sceneViewState":{"showFog":true,"showMaterialUpdate":true,"showSkybox":true,"showFlares":true,"showImageEffects":true,"showParticleSystems":true},"in2DMode":false,"pivot":{"x":0.3034346401691437,"y":-0.10056400299072266,"z":-1.5583596229553223},"rotation":{"x":0.006277436390519142,"y":0.9769845604896545,"z":-0.2113034725189209,"w":0.02901133894920349},"size":6.233632564544678,"orthographic":false}